{

    "inception_v3_model_classifier": {

        "description": [
            "start with pretrained weights",
            "trainable inception v3 layer",
            "dropout layer 0.2",
            "dense layer with regularization 0.001", 
            "trained on pre-splitted dataset"
        ],

        "training": {
            "inception_v3_model_classifier_20201003162630": {
                "optimizer": "Adam",
                "batch_size": 200,
                "saved_epoch": 37,
                "loss": 1.618286371231079,
                "top1_accuracy": 0.7367268800735474,
                "top5_accuracy": 0.878979504108429
            },
            "inception_v3_model_classifier_20201003204925": {
                "optimizer": "Adam",
                "batch_size": 200,
                "saved_epoch": 38,
                "loss": 1.1888238191604614,
                "top1_accuracy": 0.7690793871879578,
                "top5_accuracy": 0.8993504643440247
            },
            "inception_v3_model_classifier_20201006150258": {
                "optimizer": "Adam",
                "batch_size": 200,
                "saved_epoch": 31,
                "loss": 1.0934228897094727,
                "top1_accuracy": 0.7836195230484009,
                "top5_accuracy": 0.9074693918228149
            },
            "inception_v3_model_classifier_20201006201457": {
                "optimizer": "Adam",
                "batch_size": 200,
                "saved_epoch": 35,
                "loss": 1.052547574043274,
                "top1_accuracy": 0.7916154265403748,
                "top5_accuracy": 0.9104216694831848
            },
            "inception_v3_model_classifier_20201008122527": {
                "optimizer": "Adam",
                "batch_size": 200,
                "saved_epoch": 13,
                "loss": 1.028791904449463,
                "top1_accuracy": 0.7964375615119934,
                "top5_accuracy": 0.913669228553772
            }
        }
    
    },

    "inception_v3_model_classifier2": {

        "description": [
            "start with pretrained weights",
            "trainable inception v3 layer",
            "dropout layer 0.2",
            "1000 neuron hidden layer with regularization 0.001",
            "output softmax layer with regularization 0.01",
            "trained on pre-splitted dataset"
        ],

        "training": {
            "inception_v3_model_classifier2_20201023124732": {
                "optimizer": "Adam",
                "batch_size": 200,
                "saved_epoch": 37,
                "loss": 1.6562786102294922,
                "top1_accuracy": 0.7318801283836365,
                "top5_accuracy": 0.8778969645500183
            },
            "inception_v3_model_classifier2_20201023165019": {
                "optimizer": "Adam",
                "batch_size": 200,
                "saved_epoch": 39,
                "loss": 1.3749321699142456,
                "top1_accuracy": 0.7621167898178101,
                "top5_accuracy": 0.8847610950469971
            },
            "inception_v3_model_classifier2_20201023220946": {
                "optimizer": "Adam",
                "batch_size": 200,
                "saved_epoch": 37,
                "loss": 1.1914300918579102,
                "top1_accuracy": 0.7966097593307495,
                "top5_accuracy": 0.8994488716125488
            },
            "inception_v3_model_classifier2_20201025090838": {
                "optimizer": "Adam",
                "batch_size": 200,
                "saved_epoch": 28,
                "loss": 1.1744641065597534,
                "top1_accuracy": 0.8002755641937256,
                "top5_accuracy": 0.9023028016090393
            }
        }

    },

    "inception_v3_model_classifier3": {

        "description": [
            "start with pretrained weights",
            "trainable inception v3 layer",
            "dropout layer 0.2",
            "2000 neuron hidden layer with regularization 0.001",
            "output softmax layer with regularization 0.001",
            "trained on pre-splitted dataset"
        ],

        "training": {
            "inception_v3_model_classifier3_20201024163040": {
                "optimizer": "Adam",
                "batch_size": 200,
                "saved_epoch": 41, 
                "loss": 1.791395664215088,
                "top1_accuracy": 0.7121487855911255,
                "top5_accuracy": 0.869286060333252
            },
            "inception_v3_model_classifier3_20201024203424": {
                "optimizer": "Adam",
                "batch_size": 200,
                "saved_epoch": 40, 
                "loss": 1.4728354215621948,
                "top1_accuracy": 0.7335284948348999,
                "top5_accuracy": 0.8730748295783997
            },
            "inception_v3_model_classifier3_20201025003720": {
                "optimizer": "Adam",
                "batch_size": 200,
                "saved_epoch": 37, 
                "loss": 1.3575271368026733,
                "top1_accuracy": 0.7497416734695435,
                "top5_accuracy": 0.8796191215515137
            },
            "inception_v3_model_classifier3_20201027101027": {
                "optimizer": "Adam",
                "batch_size": 200,
                "saved_epoch": 40, 
                "loss": 1.1209418773651123,
                "top1_accuracy": 0.7940264940261841,
                "top5_accuracy": 0.9035329222679138
            }
        }
    },

    "inception_v3_model_classifier4": {

        "description": [
            "start with pretrained weights",
            "trainable inception v3 layer",
            "dropout layer 0.2",
            "output softmax layer with regularization 0.001",
            "trained on pre-splitted dataset"
        ],

        "training": {
            "inception_v3_model_classifier4_20201027214607": {
                "optimizer": "RMSprop",
                "batch_size": 200,
                "saved_epoch": 40,
                "loss": 2.676588296890259,
                "top1_accuracy": 0.7198002338409424,
                "top5_accuracy": 0.87856125831604
            },
            "inception_v3_model_classifier4_20201028102701": {
                "optimizer": "RMSprop",
                "learning rate": 0.0006689719,
                "batch_size": 200,
                "saved_epoch": 41,
                "loss": 2.224353790283203,
                "top1_accuracy": 0.7358657717704773,
                "top5_accuracy": 0.8828421235084534
            },
            "inception_v3_model_classifier4_20201028142842": {
                "optimizer": "RMSprop",
                "batch_size": 200,
                "saved_epoch": 41,
                "loss": 1.8328752517700195,
                "top1_accuracy": 0.7516114711761475,
                "top5_accuracy": 0.8926339745521545
            },
            "inception_v3_model_classifier4_20201028183016": {
                "optimizer": "RMSprop",
                "batch_size": 200,
                "saved_epoch": 38,
                "loss": 1.6438626050949097,
                "top1_accuracy": 0.7524233460426331,
                "top5_accuracy": 0.8943315744400024
            },
            "inception_v3_model_classifier4_20201029044158": {
                "optimizer": "RMSprop",
                "batch_size": 200,
                "saved_epoch": 27,
                "loss": 1.604125738143921,
                "top1_accuracy": 0.7450917959213257,
                "top5_accuracy": 0.8892880082130432
            },
            "inception_v3_model_classifier4_20201029084408": {
                "optimizer": "RMSprop",
                "batch_size": 200,
                "saved_epoch": 40,
                "loss": 1.4923852682113647,
                "top1_accuracy": 0.7517591118812561,
                "top5_accuracy": 0.8926831483840942
            }
        }
    },